Workbook
Name Slicer_Brand_Category: #N/A
Name Slicer_Channel: #N/A
Name Slicer_Product_Category: #N/A
Name Slicer_Sales_Type: #N/A

Sheet Raw Data
A1: State,Brand,Channel,Sales Type,Year,Month,Sales Value,Brand Category,QTY,Product Category
A2: Punjab,Brand - 1,Urban,Retail,2022,January,1.20,Premium,12,Health Care
A3: Punjab,Brand - 2,Urban,Whole Sale,2022,February,1.45,Regular,15,Home Care
A4: Punjab,Brand - 3,Rural,Super Stockist,2022,March,1.05,Premium,10,Food & Beverage
A5: Punjab,Brand - 4,Urban,Retail,2022,April,1.75,Regular,18,Health Care
A6: Punjab,Brand - 5,Rural,Super Stockist,2022,May,1.30,Premium,13,Home Care
A7: Delhi,Brand - 6,Urban,Retail,2022,June,2.10,Premium,22,Food & Beverage
A8: Delhi,Brand - 7,Urban,Whole Sale,2022,July,2.45,Regular,25,Health Care
A9: Delhi,Brand - 8,Rural,Super Stockist,2022,August,1.85,Premium,19,Home Care
A10: Delhi,Brand - 9,Urban,Retail,2022,September,2.75,Regular,28,Food & Beverage
A11: Delhi,Brand - 10,Rural,Super Stockist,2022,October,1.95,Premium,20,Health Care
A12: Maharashtra,Brand - 11,Urban,Retail,2023,January,3.20,Premium,30,Health Care
... A47: Haryana,Brand - 1,Urban,Retail,2025,December,3.10,Premium,27,Home Care

Sheet Clean Data
A1: State | B1: Brand | C1: Channel | D1: Sales Type | E1: Year | F1: Month | G1: Sales Value | H1: Brand Category | I1: QTY | J1: Product Category
A2: Punjab | B2: Brand - 1 | C2: Urban | D2: Retail | E2: 2022 | F2: January | G2: 1.2 | H2: Premium | I2: 12 | J2: Health Care
A3: Punjab | B3: Brand - 2 | C3: Urban | D3: Whole Sale | E3: 2022 | F3: February | G3: 1.45 | H3: Regular | I3: 15 | J3: Home Care
A4: Punjab | B4: Brand - 3 | C4: Rural | D4: Super Stockist | E4: 2022 | F4: March | G4: 1.05 | H4: Premium | I4: 10 | J4: Food & Beverage
A5: Punjab | B5: Brand - 4 | C5: Urban | D5: Retail | E5: 2022 | F5: April | G5: 1.75 | H5: Regular | I5: 18 | J5: Health Care
A6: Punjab | B6: Brand - 5 | C6: Rural | D6: Super Stockist | E6: 2022 | F6: May | G6: 1.3 | H6: Premium | I6: 13 | J6: Home Care
A7: Delhi | B7: Brand - 6 | C7: Urban | D7: Retail | E7: 2022 | F7: June | G7: 2.1 | H7: Premium | I7: 22 | J7: Food & Beverage
A8: Delhi | B8: Brand - 7 | C8: Urban | D8: Whole Sale | E8: 2022 | F8: July | G8: 2.45 | H8: Regular | I8: 25 | J8: Health Care
A9: Delhi | B9: Brand - 8 | C9: Rural | D9: Super Stockist | E9: 2022 | F9: August | G9: 1.85 | H9: Premium | I9: 19 | J9: Home Care
A10: Delhi | B10: Brand - 9 | C10: Urban | D10: Retail | E10: 2022 | F10: September | G10: 2.75 | H10: Regular | I10: 28 | J10: Food & Beverage
A11: Delhi | B11: Brand - 10 | C11: Rural | D11: Super Stockist | E11: 2022 | F11: October | G11: 1.95 | H11: Premium | I11: 20 | J11: Health Care
A12: Maharashtra | B12: Brand - 11 | C12: Urban | D12: Retail | E12: 2023 | F12: January | G12: 3.2 | H12: Premium | I12: 30 | J12: Health Care
A13: Maharashtra | B13: Brand - 12 | C13: Urban | D13: Whole Sale | E13: 2023 | F13: February | G13: 3.45 | H13: Regular | I13: 32 | J13: Food & Beverage
... A47: Haryana | B47: Brand - 1 | C47: Urban | D47: Retail | E47: 2024 | F47: December | G47: 3.1 | H47: Premium | I47: 27 | J47: Home Care

Sheet MIS Report
A3: Sum of Sales Value | B3: Column Labels
A4: Row Labels | B4: 2022 | C4: 2023 | F4: Brand | G4: 2022 | H4: 2023 | I4: Growth % | L4: State | M4: 2022 | N4: 2023 | O4: Growth %
A5: Brand - 1 | B5: 1.2 | C5: 2.5 | F5: =A5 -> Brand - 1 | G5: =B5 -> 1.2 | H5: =C5 -> 2.5 | I5: =IFERROR(H5/G5-1,"") -> 1.0833333 | L5: ='Pivot Table'!A5 -> Assam | M5: ='Pivot Table'!B5 -> 2.55 | N5: ='Pivot Table'!C5 -> 0 | O5: =IFERROR(N5/M5-1,"") -> -1
A6: Brand - 10 | B6: 1.95 | F6: =A6 -> Brand - 10 | G6: =B6 -> 1.95 | H6: =C6 -> 0 | I6: =IFERROR(H6/G6-1,"") -> -1 | L6: ='Pivot Table'!A6 -> Delhi | M6: ='Pivot Table'!B6 -> 11.1 | N6: ='Pivot Table'!C6 -> 0 | O6: =IFERROR(N6/M6-1,"") -> -1
A7: Brand - 11 | C7: 3.2 | F7: =A7 -> Brand - 11 | G7: =B7 -> 0 | H7: =C7 -> 3.2 | I7: =IFERROR(H7/G7-1,"") | L7: ='Pivot Table'!A7 -> Karnataka | M7: ='Pivot Table'!B7 -> 0 | N7: ='Pivot Table'!C7 -> 13.55 | O7: =IFERROR(N7/M7-1,"")
A8: Brand - 12 | B8: 2.55 | C8: 3.45 | F8: =A8 -> Brand - 12 | G8: =B8 -> 2.55 | H8: =C8 -> 3.45 | I8: =IFERROR(H8/G8-1,"") -> 0.35294118 | L8: ='Pivot Table'!A8 -> Maharashtra | M8: ='Pivot Table'!B8 -> 0 | N8: ='Pivot Table'!C8 -> 16.15 | O8: =IFERROR(N8/M8-1,"")
A9: Brand - 13 | C9: 2.8 | F9: =A9 -> Brand - 13 | G9: =B9 -> 0 | H9: =C9 -> 2.8 | I9: =IFERROR(H9/G9-1,"") | L9: ='Pivot Table'!A9 -> Punjab | M9: ='Pivot Table'!B9 -> 6.75 | N9: ='Pivot Table'!C9 -> 0 | O9: =IFERROR(N9/M9-1,"") -> -1
A10: Brand - 14 | C10: 3.95 | F10: =A10 -> Brand - 14 | G10: =B10 -> 0 | H10: =C10 -> 3.95 | I10: =IFERROR(H10/G10-1,"") | L10: ='Pivot Table'!A10 -> Tamil Nadu | M10: ='Pivot Table'!B10 -> 0 | N10: ='Pivot Table'!C10 -> 8.55 | O10: =IFERROR(N10/M10-1,"")
A11: Brand - 15 | C11: 2.75 | F11: =A11 -> Brand - 15 | G11: =B11 -> 0 | H11: =C11 -> 2.75 | I11: =IFERROR(H11/G11-1,"") | L11: Total | M11: =SUM(M5:M10) -> 20.4 | N11: =SUM(N5:N10) -> 38.25 | O11: =IFERROR(N11/M11-1,"") -> 0.875
A12: Brand - 2 | B12: 1.45 | C12: 2.95 | F12: =A12 -> Brand - 2 | G12: =B12 -> 1.45 | H12: =C12 -> 2.95 | I12: =IFERROR(H12/G12-1,"") -> 1.0344828
A13: Brand - 3 | B13: 1.05 | C13: 2.1 | F13: =A13 -> Brand - 3 | G13: =B13 -> 1.05 | H13: =C13 -> 2.1 | I13: =IFERROR(H13/G13-1,"") -> 1
A14: Brand - 4 | B14: 1.75 | C14: 3.6 | F14: =A14 -> Brand - 4 | G14: =B14 -> 1.75 | H14: =C14 -> 3.6 | I14: =IFERROR(H14/G14-1,"") -> 1.0571429
A15: Brand - 5 | B15: 1.3 | C15: 2.4 | F15: =A15 -> Brand - 5 | G15: =B15 -> 1.3 | H15: =C15 -> 2.4 | I15: =IFERROR(H15/G15-1,"") -> 0.84615385
A16: Brand - 6 | B16: 2.1 | C16: 4.1 | F16: =A16 -> Brand - 6 | G16: =B16 -> 2.1 | H16: =C16 -> 4.1 | I16: =IFERROR(H16/G16-1,"") -> 0.95238095
A17: Brand - 7 | B17: 2.45 | C17: 4.45 | F17: =A17 -> Brand - 7 | G17: =B17 -> 2.45 | H17: =C17 -> 4.45 | I17: =IFERROR(H17/G17-1,"") -> 0.81632653
A18: Brand - 8 | B18: 1.85 | F18: =A18 -> Brand - 8 | G18: =B18 -> 1.85 | H18: =C18 -> 0 | I18: =IFERROR(H18/G18-1,"") -> -1
A19: Brand - 9 | B19: 2.75 | F19: =A19 -> Brand - 9 | G19: =B19 -> 2.75 | H19: =C19 -> 0 | I19: =IFERROR(H19/G19-1,"") -> -1
F20: Total | G20: =SUM(G5:G19) -> 20.4 | H20: =SUM(H5:H19) -> 38.25 | I20: =H20/G20-1 -> 0.875

Sheet Pivot Table
A3: Sum of Sales Value | B3: Column Labels
A4: Row Labels | B4: 2022 | C4: 2023
A5: Assam | B5: 2.55
A6: Delhi | B6: 11.1
A7: Karnataka | C7: 13.55
A8: Maharashtra | C8: 16.15
A9: Punjab | B9: 6.75
A10: Tamil Nadu | C10: 8.55
